"time","B-series"
1692530043064,39.42545262344349
1692530045064,39.880022951940894
1692530047064,39.90261747074226
1692530049064,39.59389700652855
1692530051064,39.72951727891611
1692530053064,39.58260336303266
1692530055064,39.42545306798141
1692530057064,39.72410677903156
1692530059064,40.17878698861645
1692530061064,40.64951313652542
1692530063064,40.79183406302571
1692530065064,41.078830600129464
1692530067064,40.84796504940582
1692530069064,40.48325806280963
1692530071064,40.59823247411322
1692530073064,40.65993554242726
1692530075064,41.0824925452854
1692530077064,41.19045523802729
1692530079064,41.48492233578877
1692530081064,41.894040559670366
1692530083064,41.712546969960194
1692530085064,41.32678227033096
1692530087064,41.24937227811466
1692530089064,41.57706449573243
1692530091064,41.15142301584338
1692530093064,40.98983402469356
1692530095064,40.81917112997001
1692530097064,40.60189131363514
1692530099064,40.72693142002824
1692530101064,40.68894214077457
1692530103064,40.73686712363001
1692530105064,40.5234284203034
1692530107064,40.57644727037388
1692530109064,40.35480478075795
1692530111064,40.31178070330897
1692530113064,40.75654178733234
1692530115064,40.710499561089854
1692530117064,40.570449868624735
1692530119064,40.65898890763765
1692530121064,41.059089367123384
1692530123064,41.32748954724986
1692530125064,41.266815730147144
1692530127064,41.0339797613347
1692530129064,40.59731458364437
1692530131064,40.80421039743319
1692530133064,40.915643083468694
1692530135064,40.517124196922325
1692530137064,40.33899117911364
1692530139064,40.01739967389667
1692530141064,39.70669842591566
1692530143064,40.1726056862948
1692530145064,39.710171827256715
1692530147064,39.7988717330553
1692530149064,40.25848031546951
1692530151064,39.96479587835307
1692530153064,39.53741175172241
1692530155064,39.22092519087649
1692530157064,38.97018204467478
1692530159064,39.06853883833009
1692530161064,38.75423030497241
1692530163064,38.848799714531374
1692530165064,39.061105937077244
1692530167064,38.872613150508606
1692530169064,38.680100492417374
1692530171064,38.58635781458948
1692530173064,38.823872357854476
1692530175064,39.10608859548681
1692530177064,39.33537799443257
1692530179064,39.19940989441172
1692530181064,39.14244401352783
1692530183064,39.41527524313569
1692530185064,39.855737384594825
1692530187064,40.00133642546333
1692530189064,40.07562497274904
1692530191064,40.3225107667429
1692530193064,39.82596111180924
1692530195064,39.91542428281046
1692530197064,39.76045205872842
1692530199064,39.314676881500056
1692530201064,38.843009680879916
1692530203064,39.27681388949257
1692530205064,38.999018775433214
1692530207064,39.39044090821441
1692530209064,39.06560108137158
1692530211064,38.820961832032296
1692530213064,38.951909927407954
1692530215064,38.83920553605028
1692530217064,38.61022871086218
1692530219064,38.964489071213556
1692530221064,38.87292299550925
1692530223064,39.22675663055481
1692530225064,38.889152177926555
1692530227064,39.29283669151842
1692530229064,39.62038640312444
1692530231064,39.9975775395801
1692530233064,39.649692985333694
1692530235064,39.37567027135978
1692530237064,39.36004219596442
1692530239064,39.489785277781884
1692530241064,39.40682396644735
1692530243064,39.658658991044
1692530245064,39.52926930474439
1692530247064,39.439671984628866
1692530249064,39.24136311895125
1692530251064,39.027030566650055
1692530253064,38.70591982622428
1692530255064,38.61288553594272
1692530257064,38.61219821173072
1692530259064,38.60458618612658
1692530261064,38.936342315502905
1692530263064,38.49366298830871
1692530265064,38.521890185732985
1692530267064,38.19301476106779
1692530269064,37.72616338306101
1692530271064,37.471715503431874
1692530273064,37.11096651012828
1692530275064,37.58647273576495
1692530277064,37.26834351990353
1692530279064,37.61324001157126
1692530281064,37.14559698341498
1692530283064,36.95802881728854
1692530285064,37.351810950977516
1692530287064,37.266670301044186
1692530289064,37.739194327677566
1692530291064,37.442504046736026
1692530293064,37.71355614557682
1692530295064,37.54569862137711
1692530297064,37.97560108303875
1692530299064,37.662003817193494
1692530301064,37.80251552578062
1692530303064,37.689037880658795
1692530305064,37.330890839975545
1692530307064,37.76841845097626
1692530309064,37.958765102491355
1692530311064,38.1917019196318
1692530313064,38.35248234976256
1692530315064,38.617086664443214
1692530317064,38.86109534092825
1692530319064,39.00304900254878
1692530321064,39.49028831460705
1692530323064,39.316454495805374
1692530325064,39.13687087808998
1692530327064,38.93797519958437
1692530329064,38.579249702723146
1692530331064,38.21354933339282
1692530333064,38.70169501196031
1692530335064,38.21024084312952
1692530337064,38.291973973997294
1692530339064,37.985980056689336
1692530341064,37.850485022240896
1692530343064,37.48200146844241
1692530345064,37.43054291275016
1692530347064,37.91198500323529
1692530349064,38.182513274872676
1692530351064,38.66055913831426
1692530353064,39.09633396453648
1692530355064,39.52799908904807
1692530357064,39.55891672514769
1692530359064,39.88255841756427
1692530361064,39.45824834649996
1692530363064,39.32233242165992
1692530365064,39.08925233890211
1692530367064,38.60844527765309
1692530369064,38.50439407640015
1692530371064,38.97631329429014
1692530373064,38.70893479771357
1692530375064,38.971548912071846
1692530377064,38.834387871329454
1692530379064,38.341674818904984
1692530381064,38.837461797710766
1692530383064,39.13022004472348
1692530385064,39.186684780388696
1692530387064,39.18085930217315
1692530389064,38.83338642539568
1692530391064,39.245340596596854
1692530393064,39.10412114086969
1692530395064,39.02850513587023
1692530397064,38.79104615430695
1692530399064,38.295834261033974
1692530401064,38.21974688744937
1692530403064,38.71581356219512
1692530405064,38.97120596096701
1692530407064,39.343923855126995
1692530409064,39.611532545649574
1692530411064,39.81257514495044
1692530413064,39.42325676370335
1692530415064,39.007329765186896
1692530417064,38.56754391300654
1692530419064,38.312269187211044
1692530421064,38.23961021073128
1692530423064,38.140635382762994
1692530425064,38.523505758992435
1692530427064,38.58781787696004
1692530429064,38.67708226763351
1692530431064,39.14158290655067
1692530433064,38.66627731437256
1692530435064,38.26146035858116
1692530437064,37.85002664748823
1692530439064,37.73649376452232
1692530441064,37.79404662951426
1692530443064,37.53885999336044
1692530445064,37.48841081910469
1692530447064,37.37728900404144
1692530449064,37.648173829428096
1692530451064,37.51081133004972
1692530453064,37.88518811924899
1692530455064,37.90090745780395
1692530457064,38.072307035944675
1692530459064,37.58587107777913
1692530461064,37.62422992076386
1692530463064,38.12248545446256
1692530465064,38.54082013791533
1692530467064,38.4794526628828
1692530469064,38.68518840725042
1692530471064,38.32740713062348
1692530473064,38.15166983972043
1692530475064,37.92658650660798
1692530477064,37.88078204364874
1692530479064,37.45288604767099
1692530481064,37.434822000579295
1692530483064,37.0995820016369
1692530485064,37.17066654897506
1692530487064,37.0830998486946
1692530489064,36.731011434423266
1692530491064,37.14619785633217
1692530493064,37.18203022022171
1692530495064,37.376643033292595
1692530497064,37.04817007587072
1692530499064,36.93679301258559
1692530501064,36.74998968086944
1692530503064,36.676388418883846
1692530505064,36.599156647221996
1692530507064,36.391505817684354
1692530509064,36.88082500614976
1692530511064,36.75122706356614
1692530513064,36.61742238046681
1692530515064,36.59070268380512
1692530517064,36.69332734481615
1692530519064,37.08829554541917
1692530521064,36.78498740972644
1692530523064,36.762003533983304
1692530525064,36.33987703456188
1692530527064,36.22027839283617
1692530529064,36.685475378087865
1692530531064,36.99260183919594
1692530533064,37.38215000868981
1692530535064,37.64374255137035
1692530537064,37.80664201371034
1692530539064,37.728714303566825
1692530541064,37.45839331562276
1692530543064,37.886750076718926
1692530545064,37.56127156079452
1692530547064,37.27705843891175
1692530549064,37.70841576434392
1692530551064,37.24758063617377
1692530553064,37.582977664329
1692530555064,37.30816199365539
1692530557064,37.08724072642483
1692530559064,37.32353757449234
1692530561064,36.86879381621426
1692530563064,36.741856969974094
1692530565064,37.18104072079162
1692530567064,36.68980364790225
1692530569064,36.398854543087644
1692530571064,36.88529422536818
1692530573064,36.51897591814374
1692530575064,36.67791399196367
1692530577064,36.18932758164502
1692530579064,35.75480208864709
1692530581064,36.113608055548404
1692530583064,36.31810221504153
1692530585064,36.76493419909203
1692530587064,36.96844431918469
1692530589064,36.534308836262255
1692530591064,36.94279089081967
1692530593064,36.535928393865674
1692530595064,36.671011961125465
1692530597064,36.457427133653255
1692530599064,36.74862662198853
1692530601064,37.17847631587974
1692530603064,36.77823960155881
1692530605064,36.677613997122364
1692530607064,36.27479449180782
1692530609064,36.739016882959696
1692530611064,36.7435370676194
1692530613064,36.30788040944308
1692530615064,36.7393139945675
1692530617064,36.62490291315677
1692530619064,36.835407841721384
1692530621064,36.7692090305317
1692530623064,37.087177232775254
1692530625064,37.2347297551837
1692530627064,37.22170941424048
1692530629064,37.04975986936469
1692530631064,37.27307967197468
1692530633064,36.93223567640531
1692530635064,36.62589674745206
1692530637064,36.395125702557024
1692530639064,36.30915989638516
1692530641064,36.04022244390393
1692530643064,35.95134271426911
1692530645064,36.135086550803926
1692530647064,36.37454364912471
1692530649064,36.23838102875409
1692530651064,36.27882553296488
1692530653064,36.43014851526388
1692530655064,36.532294744524684
1692530657064,36.6343771901982
1692530659064,36.697893215833574
1692530661064,36.20474194622779
1692530663064,35.86342373378039
1692530665064,35.66260793309819
1692530667064,35.755446423950765
1692530669064,35.93208901508184
1692530671064,35.926381499221584
1692530673064,35.709068097875736
1692530675064,35.83338437129151
1692530677064,36.079854148420836
1692530679064,35.63807358738787
1692530681064,35.29750727311904
1692530683064,35.688573037982344
1692530685064,35.83930553404714
1692530687064,35.36015929806081
1692530689064,35.43519464640021
1692530691064,35.792511550619764
1692530693064,35.723614691320876
1692530695064,35.77778978484993
1692530697064,36.20093430939198
1692530699064,36.21158840608139
1692530701064,36.28139489062601
1692530703064,36.52194876961988
1692530705064,36.88893006893244
1692530707064,37.34665142340561
1692530709064,37.68241625920565
1692530711064,37.704229165971185
1692530713064,38.09781808994574
1692530715064,37.61943066432902
1692530717064,37.354660848475234
1692530719064,36.86812875674618
1692530721064,37.17004435984533
1692530723064,36.74064879342473
1692530725064,36.66597646447613
1692530727064,36.61490638474442
1692530729064,36.865909016971926
1692530731064,36.502977539247375
1692530733064,36.501137858138904
1692530735064,36.85403137330376
1692530737064,36.783107340491526
1692530739064,36.46232532085676
1692530741064,36.20287452736001
1692530743064,36.381217693851674
1692530745064,36.062674383632455
1692530747064,36.23242110407002
1692530749064,36.4065811460046
1692530751064,35.95669793945137
1692530753064,36.0506426041421
1692530755064,36.421593174619446
1692530757064,36.364114028957054
1692530759064,36.106479097977626
1692530761064,36.44180208888188
1692530763064,36.39870681734225
1692530765064,36.15646709903614
1692530767064,35.765094032783594
1692530769064,36.14987866043666
1692530771064,35.79372901371566
1692530773064,35.94353624711466
1692530775064,35.56827103512198
1692530777064,35.686295682685895
1692530779064,35.399662243316655
1692530781064,34.94356713400298
1692530783064,35.177210062275385
1692530785064,35.25049468351692
1692530787064,34.789578630997894
1692530789064,34.88213908457041
1692530791064,34.99567526099187
1692530793064,35.201204210793875
1692530795064,35.04216795346118
1692530797064,35.33292472271198
1692530799064,35.35987698617482
1692530801064,35.553553292597435
1692530803064,35.9178414241892
1692530805064,35.784514953999356
1692530807064,35.405213553684675
1692530809064,35.254846897617725
1692530811064,35.687600281118435
1692530813064,35.811360891584656
1692530815064,35.900946136984906
1692530817064,36.060593990515294
1692530819064,36.51902848797987
1692530821064,36.95975424490013
1692530823064,37.15760220130155
1692530825064,36.97949143939881
1692530827064,36.84770292654086
1692530829064,36.49244041746046
1692530831064,36.82473734600347
1692530833064,37.06600845789348
1692530835064,37.136032400202325
1692530837064,36.849101009573204
1692530839064,36.64293443966388
1692530841064,36.20270803574347
1692530843064,35.9261916123859
1692530845064,35.51000803849931
1692530847064,35.513297119947325
1692530849064,35.598776661395206
1692530851064,35.73843081827554
1692530853064,36.02509825673453
1692530855064,35.60575287065549
1692530857064,35.43681620754643
1692530859064,35.70754706897765
1692530861064,35.9320782615717
1692530863064,36.26105468727396
1692530865064,35.998256983545346
1692530867064,35.74260672992757
1692530869064,35.96998843838213
1692530871064,35.5477108107541
1692530873064,35.4547926605784
1692530875064,35.89364620952794
1692530877064,35.60768113204201
1692530879064,36.00576243997846
1692530881064,36.022367424445314
1692530883064,35.61455060595155
1692530885064,36.06366307898612
1692530887064,35.71405705338489
1692530889064,35.53582023586462
1692530891064,35.18751597992586
1692530893064,35.367766389401204
1692530895064,35.13269235350465
1692530897064,35.54098590067255
1692530899064,35.305810716872344
1692530901064,35.08816070874073
1692530903064,35.34674524115485
1692530905064,35.29914069707226
1692530907064,35.57699728505468
1692530909064,35.92593165953593
1692530911064,35.96145622901256
1692530913064,36.214179989106285
1692530915064,36.709095160981676
1692530917064,36.66306683391673
1692530919064,36.83044961832153
1692530921064,37.133830089507136
1692530923064,37.20959682867429
1692530925064,36.829658257331324
1692530927064,36.730836597857966
1692530929064,36.78949510611379
1692530931064,36.59300061167523
1692530933064,36.09721351167117
1692530935064,36.15468158961669
1692530937064,36.13732854328178
1692530939064,36.61920125558936
1692530941064,36.987396511188926
1692530943064,37.31958484537625
1692530945064,37.33547608589337
1692530947064,37.44048565895446
1692530949064,37.17068588479119
1692530951064,36.916535390456744
1692530953064,36.50555537816053
1692530955064,36.360964696386404
1692530957064,36.60091630624601
1692530959064,37.100454293856124
1692530961064,37.3814878303229
1692530963064,36.885363009368035
1692530965064,37.20127196789071
1692530967064,37.2383976867672
1692530969064,37.41462276770623
1692530971064,37.01839135021703
1692530973064,36.57098367802762
1692530975064,36.99691897959668
1692530977064,36.748045431686336
1692530979064,36.78757244081441
1692530981064,36.90515347195368
1692530983064,36.42256952259639
1692530985064,36.60500560434387
1692530987064,36.3525312334684
1692530989064,36.377258031097924
1692530991064,36.00857214940557
1692530993064,35.76170011300487
1692530995064,35.81578295622012
1692530997064,36.29085270827965
1692530999064,36.75727966101056
1692531001064,37.22632566441523
1692531003064,37.17338922936449
1692531005064,37.4003842799325
1692531007064,37.859657826994265
1692531009064,38.322937271355734
1692531011064,38.209217012752966
1692531013064,38.44221426894815
1692531015064,38.40023783540741
1692531017064,38.72723056185175
1692531019064,38.4674092495392
1692531021064,38.34314788584323
1692531023064,38.28531530355206
1692531025064,38.44039369208803
1692531027064,38.310148479086656
1692531029064,38.42678261748708
1692531031064,37.949718906759564
1692531033064,37.79012366167628
1692531035064,38.203459396870805
1692531037064,38.474697189327095
1692531039064,38.317121178896684
1692531041064,38.73878581407166
1692531043064,38.57781863754831
1692531045064,38.53309761077355
1692531047064,38.81769248246444
1692531049064,38.66573643905708
1692531051064,39.04177542148663
1692531053064,39.228730807664206
1692531055064,38.86030118499189
1692531057064,39.100224371265575
1692531059064,38.76908631751902
1692531061064,38.68847763948616
1692531063064,38.498765990457606
1692531065064,38.20509412748634
1692531067064,38.67823585553562
1692531069064,38.99502423794717
1692531071064,39.41173966786418
1692531073064,39.188073580902646
1692531075064,39.26154326078507
1692531077064,39.74720835760183
1692531079064,40.145667419314485
1692531081064,40.36675831657764
1692531083064,40.827353539918875
1692531085064,41.03210935778966
1692531087064,40.88969328852075
1692531089064,40.493110114043034
1692531091064,40.425984480602544
1692531093064,40.586083102536165
1692531095064,40.301489390082466
1692531097064,40.49406675261128
1692531099064,40.367973362774556
1692531101064,40.60698272123051
1692531103064,41.0488262224504
1692531105064,41.11467909846869
1692531107064,41.17161168922331
1692531109064,41.54593946906587
1692531111064,41.33826796009879
1692531113064,41.535048661185385
1692531115064,41.34989553974839
1692531117064,41.482679122408804
1692531119064,41.18714852955948
1692531121064,40.95730857934487
1692531123064,41.34620764097548
1692531125064,41.344019571449785
1692531127064,41.2859544346012
1692531129064,41.76187460181172
1692531131064,42.06209287329144
1692531133064,42.2921856376685
1692531135064,42.18698866325578
1692531137064,42.60052050478838
1692531139064,42.83349849768611
1692531141064,43.309057316866145
1692531143064,43.33978707718892
1692531145064,43.23137743387075
1692531147064,43.709450428283404
1692531149064,43.42795789101909
1692531151064,42.95155619661509
1692531153064,43.27682274313452
1692531155064,43.71058928608041
1692531157064,43.52911454441101
1692531159064,43.854651712735574
1692531161064,44.03264545391103
1692531163064,44.340105782228164
1692531165064,44.807991650557746
1692531167064,44.92686376597009
1692531169064,44.91090598766446
1692531171064,44.82829589385737
1692531173064,44.761178780983336
1692531175064,45.05020134236422
1692531177064,45.20996471216538
1692531179064,44.744374296161006
1692531181064,44.29334303636564
1692531183064,43.916720024010885
1692531185064,43.82749243911226
1692531187064,43.81559562272134
1692531189064,44.168788105500695
1692531191064,44.043340514414865
1692531193064,44.073670952220866
1692531195064,43.73797588972548
1692531197064,44.08337862276348
1692531199064,43.96995378576589
1692531201064,44.0050939651559
1692531203064,44.10447784821312
1692531205064,43.62282201824747
1692531207064,43.846992830180525
1692531209064,43.451163664512094
1692531211064,43.696759574694646
1692531213064,44.05118439870317
1692531215064,43.61761720308167
1692531217064,44.012629362358645
1692531219064,43.52326820031848
1692531221064,43.627306681103924
1692531223064,43.23206540677304
1692531225064,43.48108561177362
1692531227064,43.151223163097946
1692531229064,43.33618781716349
1692531231064,43.46844201401334
1692531233064,43.66489720106361
1692531235064,43.194209138913926
1692531237064,42.75550130890182
1692531239064,42.64897999899796
1692531241064,42.619311384736044
1692531243064,42.22468222662085
1692531245064,42.36604849995126
1692531247064,42.36034753061314
1692531249064,42.746648067651854
1692531251064,42.61189549991501
1692531253064,42.671392537125
1692531255064,43.015614657242615
1692531257064,43.1573600087578
1692531259064,43.52009315638082
1692531261064,43.55587420717702
1692531263064,43.067900421134944
1692531265064,43.329918073123885
1692531267064,42.973268803908475
1692531269064,43.19177718888169
1692531271064,42.73966691338558
1692531273064,42.360838131784426
1692531275064,42.431334901922
1692531277064,42.23580638757117
1692531279064,42.030539457020495
1692531281064,42.5003926742925
1692531283064,42.55689500437558
1692531285064,42.36187219358818
1692531287064,42.409560256725435
1692531289064,42.04567780712039
1692531291064,41.73718238824481
1692531293064,41.922759443949666
1692531295064,42.17418371273293
1692531297064,42.163235212108816
1692531299064,41.86086572557932
1692531301064,41.509088350880845
1692531303064,41.081351766899644
1692531305064,40.66381610849004
1692531307064,40.46617434417968
1692531309064,40.930944959263435
1692531311064,40.90042670245678
1692531313064,41.18348255824111
1692531315064,41.22064399505771
1692531317064,41.58955190900629
1692531319064,41.79885467314685
1692531321064,42.09171404120854
1692531323064,41.97772292684888
1692531325064,42.04716706151916
1692531327064,42.31358940610235
1692531329064,42.54295975890559
1692531331064,42.70146968892526
1692531333064,42.57784625381768
1692531335064,42.60194584398587
1692531337064,42.826681356815236
1692531339064,42.49866457318343
1692531341064,42.68351003300774
1692531343064,43.034112691965625
1692531345064,42.604630136122815
1692531347064,42.28700417851588
1692531349064,42.16424491229651
1692531351064,42.637222871044095
1692531353064,43.08485538370633
1692531355064,42.67362081343349
1692531357064,42.98067253139486
1692531359064,43.28620729086749
1692531361064,42.92836434788294
1692531363064,43.37714078594275
1692531365064,43.18405994096722
1692531367064,43.52226817069589
1692531369064,43.19945273770871
1692531371064,43.100971673422066
1692531373064,42.639204681998514
1692531375064,42.85885926570219
1692531377064,43.12877968896042
1692531379064,42.85960289682604
1692531381064,42.86752738913394
1692531383064,42.7408808164424
1692531385064,42.78650802538149
1692531387064,42.668494505650784
1692531389064,43.15283269685637
1692531391064,43.206742636748295
1692531393064,43.30645425197682
1692531395064,43.781528519217424
1692531397064,43.89926322772767
1692531399064,43.916329208851856
1692531401064,43.53596659225587
1692531403064,43.89535072494625
1692531405064,44.06871438152848
1692531407064,44.05749863573745
1692531409064,43.906332202944334
1692531411064,43.60281519734983
1692531413064,43.18048610549144
1692531415064,42.959385698686944
1692531417064,42.79671120435154
1692531419064,42.77014251982946
1692531421064,42.55977622567205
1692531423064,42.305684843535644
1692531425064,42.308169870284004
1692531427064,42.38729670636097
1692531429064,42.22949014737387
1692531431064,42.02795553888004
1692531433064,42.20340392994064
1692531435064,41.88396969536884
1692531437064,41.94765654001453
1692531439064,41.762896192996635
1692531441064,41.52201915413578
1692531443064,41.50398872042938
1692531445064,41.024372174719886
1692531447064,40.97636346656312
1692531449064,40.87902707537412
1692531451064,41.28867382045724
1692531453064,41.46363687580824
1692531455064,41.54748608659482
1692531457064,41.357672860030796
1692531459064,41.11195594782904
1692531461064,40.734885733391536
1692531463064,40.39953685963523
1692531465064,40.74625105983984
1692531467064,40.635541030784985
1692531469064,40.250002513825706
1692531471064,40.18634072738556
1692531473064,39.76618204840007
1692531475064,39.926763820551805
1692531477064,40.360420343974624
1692531479064,39.975259418065384
1692531481064,40.06355145912814
1692531483064,40.27887360614457
1692531485064,39.80504722995013
1692531487064,39.506854481617
1692531489064,39.742993823744754
1692531491064,39.94979621771986
1692531493064,40.02838896609603
1692531495064,39.65381333402533
1692531497064,39.48327251074298
1692531499064,39.38708448926497
1692531501064,39.52495553517815
1692531503064,39.37336757615826
1692531505064,39.37132032764373
1692531507064,39.39736528106485
1692531509064,39.88948384615871
1692531511064,39.581934871562986
1692531513064,39.1237753334555
1692531515064,39.32783426507514
1692531517064,38.85658311267405
1692531519064,38.37909678745767
1692531521064,38.20468479506498
1692531523064,38.46839843940009
1692531525064,38.60834993873824
1692531527064,38.86562559664985
1692531529064,38.87532072123198
1692531531064,38.882654487886086
1692531533064,38.57477974322913
1692531535064,38.791038311438534
1692531537064,38.952683502291535
1692531539064,39.15325989944618
1692531541064,39.522144524944245
1692531543064,39.45585235524774
1692531545064,39.65494733728392
1692531547064,39.29781600096124
1692531549064,39.60671057934186
1692531551064,39.40402372905712
1692531553064,39.62267655611923
1692531555064,39.6990935128638
1692531557064,39.20982925472119
1692531559064,39.00780683315819
1692531561064,39.266139861564916
1692531563064,39.145792389373256
1692531565064,39.1654819326319
1692531567064,39.018702923185465
1692531569064,39.042606162084695
1692531571064,39.443235995159384
1692531573064,38.99883875597681
1692531575064,39.29951301037104
1692531577064,39.032822423887595
1692531579064,39.16145528942532
1692531581064,38.733596932460074
1692531583064,38.88189128165117
1692531585064,38.430197087735856
1692531587064,37.99992593528061
1692531589064,38.27310254471563
1692531591064,38.63484629072955
1692531593064,38.71390595794508
1692531595064,38.60096204211007
1692531597064,38.24021963984475
1692531599064,38.010575578229435
1692531601064,37.740151683539864
1692531603064,37.27381086019489
1692531605064,37.70528231975231
1692531607064,37.88131402652886
1692531609064,37.61799163695587
1692531611064,37.86099783697222
1692531613064,38.33524830953158
1692531615064,38.78173634868825
1692531617064,39.05267038772655
1692531619064,38.94283266026738
1692531621064,39.37011864731627
1692531623064,38.98007876763893
1692531625064,39.442493808214024
1692531627064,39.11375976510522
1692531629064,39.006748073799166
1692531631064,39.37195162638314
1692531633064,39.6621501607002
1692531635064,39.43480915069741
1692531637064,39.653750397963854
1692531639064,39.18144953416805
1692531641064,39.13181392149046
1692531643064,38.827465131613494
1692531645064,39.181392944081715
1692531647064,39.66235057785447
1692531649064,39.9689463785891
1692531651064,40.41106625007245
1692531653064,40.154080424659156
1692531655064,40.335430645508296
1692531657064,40.60862179551522
1692531659064,40.68168644360758
1692531661064,40.97322128847999
1692531663064,41.344175553071864
1692531665064,41.55785170332724
1692531667064,41.28055643727384
1692531669064,41.37029574460445
1692531671064,41.26657960606238
1692531673064,41.63313641065226
1692531675064,41.32934290618211
1692531677064,41.20933024986214
1692531679064,41.411662224617636
1692531681064,41.132450388017624
1692531683064,40.98029423710136
1692531685064,41.08883801299246
1692531687064,41.13005674064008
1692531689064,41.134969855716506
1692531691064,41.34626251644052
1692531693064,41.143960735807866
1692531695064,41.52357464225236
1692531697064,41.53122865596674
1692531699064,41.34444874475349
1692531701064,41.07210010125946
1692531703064,41.43423285812156
1692531705064,41.31873492454954
1692531707064,41.76898400389864
1692531709064,42.06053212712584
1692531711064,42.36453889511956
1692531713064,42.3545761710268
1692531715064,42.7918629456227
1692531717064,42.56178880857178
1692531719064,42.50510678421725
1692531721064,42.20602570821966
1692531723064,41.8020754197711
1692531725064,41.87451991340992
1692531727064,41.79626213341127
1692531729064,42.06387850729059
1692531731064,41.85658389716365
1692531733064,42.31299015829374
1692531735064,42.0241837332223
1692531737064,42.03787894017521
1692531739064,41.68754460142223
1692531741064,42.18131328238925
1692531743064,42.14986585208347
1692531745064,42.31797206873672
1692531747064,42.731359910385066
1692531749064,43.047099753031944
1692531751064,43.3837881301502
1692531753064,43.84419493158835
1692531755064,43.55575187587492
1692531757064,43.15777439218179
1692531759064,43.48288331613882
1692531761064,43.29831296756825
1692531763064,42.80904881528986
1692531765064,43.25707747114869
1692531767064,43.4973009288869
1692531769064,43.97077034884186
1692531771064,43.80226077473437
1692531773064,43.56919599307689
1692531775064,43.329268817071245
1692531777064,43.651173262016734
1692531779064,43.31646183228411
1692531781064,43.41923668098183
1692531783064,43.70674881098336
1692531785064,43.491458095194865
1692531787064,43.15118434967335
1692531789064,43.11336201434059
1692531791064,43.33719101630561
1692531793064,42.902412074157
1692531795064,43.1373489218478
1692531797064,43.61503385947419
1692531799064,43.956128449544295
1692531801064,43.61062163212578
1692531803064,43.96976497905284
1692531805064,43.48110303854734
1692531807064,43.412378273442826
1692531809064,43.67680507117219
1692531811064,43.8322489068118
1692531813064,44.275224925923546
1692531815064,44.53851916067901
1692531817064,44.15146607819214
1692531819064,44.13575711676971
1692531821064,44.03982489279186
1692531823064,44.47289543796756
1692531825064,44.80393117311083
1692531827064,44.548146878328694
1692531829064,44.99648324520966
1692531831064,44.67874836434263
1692531833064,44.61498133145208
1692531835064,44.395718707109104
1692531837064,44.3850947101963
1692531839064,44.21730026352983
1692531841064,44.51777126430342
1692531843064,44.84262357689379
1692531845064,44.89539181001964
1692531847064,44.77702187750477
1692531849064,44.895396526448366
1692531851064,44.95462698816533
1692531853064,45.2762040733043
1692531855064,44.823907839044935
1692531857064,44.70676275678277
1692531859064,44.752616467358074
1692531861064,44.76439706477401
1692531863064,44.53197445963738
1692531865064,44.646593891483704
1692531867064,45.085827500093444
1692531869064,44.62343621025364
1692531871064,44.55759102721274
1692531873064,44.8937853246299
1692531875064,45.23817009425784
1692531877064,45.50550131594917
1692531879064,45.613915985621205
1692531881064,45.16894607345131
1692531883064,44.96445130731028
1692531885064,44.58471710895424
1692531887064,44.970796261556224
1692531889064,44.87227408265281
1692531891064,44.96182078673378
1692531893064,45.16840878048424
1692531895064,45.12113033291457
1692531897064,45.139159509414135
1692531899064,44.717881893516086
1692531901064,45.078978359864955
1692531903064,44.84540026158339
1692531905064,45.318408702347504
1692531907064,45.131178474061315
1692531909064,45.36739828245103
1692531911064,45.14333454056251
1692531913064,44.67300637681404
1692531915064,44.746668898760525
1692531917064,44.931217298380325
1692531919064,45.02127958540851
1692531921064,45.04198479393531
1692531923064,44.82573569994689
1692531925064,44.98892976102854
1692531927064,45.45963292069277
1692531929064,45.0506868355698
1692531931064,45.08362219351421
1692531933064,45.35298735440959
1692531935064,44.902381903369694
1692531937064,44.5067426493884
1692531939064,44.36950582817521
1692531941064,44.132292659618386
1692531943064,44.62160670229904
1692531945064,44.18839747975615
1692531947064,44.25247863815024
1692531949064,44.098333050828586
1692531951064,44.534203534432606
1692531953064,44.254873595083744
1692531955064,44.49119572855871
1692531957064,44.837352083089385
1692531959064,44.3933978044371
1692531961064,44.28422591259648
1692531963064,44.716901906878135
1692531965064,45.1499616515444
1692531967064,45.24870788353992
1692531969064,45.07240072292542
1692531971064,45.38315533713041
1692531973064,45.02484448609519
1692531975064,45.13317349310495
1692531977064,44.77369833812912
1692531979064,44.954720231210175
1692531981064,45.22193164729774
1692531983064,45.05409012203628
1692531985064,45.14488588033396
1692531987064,44.66768125638135
1692531989064,44.523041170367385
1692531991064,44.24610625428763
1692531993064,43.80502550893482
1692531995064,43.38128776555815
1692531997064,43.7901446042345
1692531999064,43.94733109512839
1692532001064,43.61058435296672
1692532003064,43.79112970323643
1692532005064,44.15457282840473
1692532007064,44.36690129007207
1692532009064,44.3243564934041
1692532011064,44.06226400581896
1692532013064,43.93869176898106
1692532015064,44.03643560961896
1692532017064,43.66412563783577
1692532019064,44.07659647445589
1692532021064,44.30899448465301
1692532023064,44.15374387265444
1692532025064,44.484517043609564
1692532027064,44.15271568396386
1692532029064,44.394638001851916
1692532031064,44.62765609037985
1692532033064,44.938430932550155
1692532035064,44.98282911748998
1692532037064,44.524529984527696
1692532039064,44.57608630765026
1692532041064,44.925709645072516
1692532043064,44.51482696934402
1692532045064,44.18670761306818
1692532047064,44.303594001696055
1692532049064,44.69011442837374
1692532051064,44.73591560161592
1692532053064,44.921559759379655
1692532055064,45.051497043314875
1692532057064,45.28695838496391
1692532059064,44.98143444096108
1692532061064,44.78671993443802
1692532063064,45.14770229877531
1692532065064,45.13141496064201
1692532067064,44.71987677392647
1692532069064,44.77062999774126
1692532071064,44.99074965179869
1692532073064,45.07941704675352
1692532075064,45.14225323893894
1692532077064,44.669368897371314
1692532079064,44.37184677499056
1692532081064,43.90273544836222
1692532083064,43.990530113784224
1692532085064,44.305517223379525
1692532087064,44.529825322568
1692532089064,44.61072837048417
1692532091064,44.51505009539952
1692532093064,44.764849715030344
1692532095064,44.723214886634814
1692532097064,44.402735536410255
1692532099064,44.591778512426615
1692532101064,45.02666640514083
1692532103064,45.06868278081618
1692532105064,45.516396513315584
1692532107064,45.79525505384629
1692532109064,45.30976285388916
1692532111064,45.502254338015405
1692532113064,45.01321051886931
1692532115064,45.37808762533756
1692532117064,45.65988633080215
1692532119064,45.45484192772928
1692532121064,45.47403554158209
1692532123064,45.26702101334951
1692532125064,45.21391099502469
1692532127064,45.527374459476924
1692532129064,45.44318505462084
1692532131064,45.17595739816689
1692532133064,45.53206310453644
1692532135064,45.29706442539229
1692532137064,45.51806561360374
1692532139064,45.44265300472234
1692532141064,45.802449531006374
1692532143064,46.02441806491272
1692532145064,45.62231481283673
1692532147064,45.64280527971228
1692532149064,45.170949304259246
1692532151064,45.18084716648953
1692532153064,45.58109402237137
1692532155064,45.32696042867308
1692532157064,45.01109793417508
1692532159064,44.59070578615023
1692532161064,44.58190983291199
1692532163064,44.196048757953186
1692532165064,43.94201491458476
1692532167064,43.55369701561196
1692532169064,43.791301554950415
1692532171064,43.37667736763396
1692532173064,43.418635423544984
1692532175064,43.595505806272236
1692532177064,43.94268753665311
1692532179064,43.444056056433865
1692532181064,43.05028601591061
1692532183064,43.089979176153676
1692532185064,42.88637557804947
1692532187064,42.494048764561754
1692532189064,42.04517650642136
1692532191064,41.58919425736593
1692532193064,41.17579061183543
1692532195064,41.174290317342546
1692532197064,41.37164206736575
1692532199064,41.21569785198106
1692532201064,41.23029243807811
1692532203064,40.80022815699523
1692532205064,41.14349519273581
1692532207064,41.22100269037391
1692532209064,41.60478050378749
1692532211064,41.11054626614173
1692532213064,41.55243108260408
1692532215064,41.65941557367573
1692532217064,41.45223402574166
1692532219064,41.88975231363596
1692532221064,41.9149232758762
1692532223064,41.45939538183345
1692532225064,41.18904198630056
1692532227064,41.00757549068185
1692532229064,41.06792437378611
1692532231064,40.94941679361673
1692532233064,41.12607923427628
1692532235064,40.684261845111045
1692532237064,40.95182535946663
1692532239064,41.0156714863152
1692532241064,41.04935429378922
1692532243064,40.57119532202364
1692532245064,41.021190010131804
1692532247064,40.76566258101184
1692532249064,40.39550020709411
1692532251064,40.85427793740509
1692532253064,40.72341702347667
1692532255064,40.37593894928621
1692532257064,40.558819387273026
1692532259064,40.46578205213675
1692532261064,40.703512683039335
1692532263064,40.56818935719798
1692532265064,40.47880073315118
1692532267064,40.63064800386977
1692532269064,40.326944475160076
1692532271064,40.247132034856435
1692532273064,40.53715943156826
1692532275064,40.17431566189594
1692532277064,40.51277881976095
1692532279064,40.20964518016815
1692532281064,40.133255249954
1692532283064,39.682507104699226
1692532285064,39.595615509027716
1692532287064,39.34328661145114
1692532289064,39.582975995441544
1692532291064,39.12971329772254
1692532293064,39.596902017366766
1692532295064,39.191531943667805
1692532297064,39.163466555456495
1692532299064,39.27549180572127
1692532301064,38.92390009242412
1692532303064,39.12115666998045
1692532305064,38.884110013993705
1692532307064,38.51789195951069
1692532309064,38.92842097680441
1692532311064,38.665957778204394
1692532313064,38.63098462822708
1692532315064,38.2045949374944
1692532317064,38.10530255389818
1692532319064,38.06856995422319
1692532321064,37.903821291250466
1692532323064,38.063992648625714
1692532325064,38.06237661850701
1692532327064,37.765914751977796
1692532329064,38.17360097816432
1692532331064,38.41038733520249
1692532333064,38.624509107533655
1692532335064,39.02454524355944
1692532337064,38.75764685402702
1692532339064,38.3292460179492
1692532341064,38.25197729991642
1692532343064,38.0348846572407
1692532345064,37.869625919199756
1692532347064,38.03279180804859
1692532349064,38.015661146644376
1692532351064,38.31320747479119
1692532353064,38.13714334461342
1692532355064,37.69829250582629
1692532357064,37.25177914863431
1692532359064,37.31602367260941
1692532361064,37.733974983903046
1692532363064,37.99607365818473
1692532365064,38.0563102499694
1692532367064,38.18925907584472
1692532369064,38.02837484822183
1692532371064,38.09154062964591
1692532373064,37.818478999940695
1692532375064,38.195657843855706
1692532377064,38.3443016447411
1692532379064,38.056044437224124
1692532381064,37.731396020119846
1692532383064,37.90163832686163
1692532385064,38.14713928935902
1692532387064,37.93258308410082
1692532389064,38.0306950882598
1692532391064,38.12812874199536
1692532393064,38.127849317261145
1692532395064,37.70331056964866
1692532397064,37.9434157142087
1692532399064,37.720792564016286
1692532401064,37.407775528580615
1692532403064,37.671250217768026
1692532405064,37.371559335933796
1692532407064,37.428221686978944
1692532409064,37.379494268511195
1692532411064,37.35418396670373
1692532413064,37.56424324900197
1692532415064,37.06950927497098
1692532417064,36.92633835669331
1692532419064,36.6820296184541
1692532421064,36.488354451011226
1692532423064,36.72727216764112
1692532425064,36.979472711568064
1692532427064,36.67466495076133
1692532429064,37.15439214576004
1692532431064,37.2642964061115
1692532433064,37.09832005079755
1692532435064,36.756670266168705
1692532437064,36.97244717963359
1692532439064,36.52401053525863
1692532441064,36.16353569582673
1692532443064,36.62583458200852
1692532445064,36.87619024947761
1692532447064,36.64018388398389
1692532449064,36.4837242013511
1692532451064,36.819284478252484
1692532453064,37.13673846169729
1692532455064,37.44463816461353
1692532457064,37.792564091642944
1692532459064,38.22086793230033
1692532461064,37.933112770978205
1692532463064,38.30055040601892
1692532465064,37.852471737479625
1692532467064,37.57213167830594
1692532469064,37.746457923305165
1692532471064,37.27488482792983
1692532473064,37.76644046964814
1692532475064,37.66738760365134
1692532477064,37.990864371023044
1692532479064,37.56295906067673
1692532481064,37.71485655104228
1692532483064,38.10504403534426
1692532485064,37.87863985774978
1692532487064,38.11466132114492
1692532489064,37.64782735481716
1692532491064,38.005102017956126
1692532493064,38.312417190918275
1692532495064,38.02110089918197
1692532497064,37.55534179094567
1692532499064,37.36131358589105
1692532501064,36.999895756601056
1692532503064,36.70208990217202
1692532505064,36.37447028579435
1692532507064,36.293407363440984
1692532509064,36.26348424389379
1692532511064,35.91600259310388
1692532513064,35.79277640720403
1692532515064,35.310009851885475
1692532517064,35.130910376642156
1692532519064,34.91046213960572
1692532521064,35.22187815694994
1692532523064,35.21847603730394
1692532525064,35.57683529851478
1692532527064,35.58901783793218
1692532529064,35.571529350956595
1692532531064,35.41547276616954
1692532533064,35.1335992555309
1692532535064,35.14451897927692
1692532537064,34.79997524885134
1692532539064,35.074467934353535
1692532541064,35.000222225304874
1692532543064,34.8803579459682
1692532545064,35.12340666739251
1692532547064,35.60844595801646
1692532549064,35.49256951311558
1692532551064,35.37331587402912
1692532553064,35.49074116124442
1692532555064,35.52545481546046
1692532557064,35.87393967419326
1692532559064,36.225548831023545
1692532561064,35.94724304085448
1692532563064,35.64786150101939
1692532565064,35.25039784816931
1692532567064,35.51286582632391
1692532569064,35.45620687420534
1692532571064,35.01661708456986
1692532573064,35.08574692313148
1692532575064,35.22905411092398
1692532577064,35.42615666494048
1692532579064,35.67029083970874
1692532581064,36.008199967389174
1692532583064,36.45135091516392
1692532585064,36.6734303068558
1692532587064,36.961784811552704
1692532589064,36.85365296598229
1692532591064,36.90346756895211
1692532593064,37.231251717260086
1692532595064,37.00027018543747
1692532597064,36.95927651188627
1692532599064,36.57718382988003
1692532601064,36.490945442089384
1692532603064,36.90284439804688
1692532605064,37.29611938121362
1692532607064,37.544600929921764
1692532609064,37.4158903092583
1692532611064,37.60274845938139
1692532613064,37.621088776050215
1692532615064,37.21386653312612
1692532617064,37.32076073377976
1692532619064,37.38212310781086
1692532621064,36.92128091613928
1692532623064,36.73433528116698
1692532625064,36.969508586498215
1692532627064,37.40484385130817
1692532629064,37.403017795219434
1692532631064,37.72870716471585
1692532633064,37.347260182258545
1692532635064,37.140910824590435
1692532637064,37.495186199983124
1692532639064,37.89768869427636
1692532641064,38.06604000481666
1692532643064,38.10922579104823
1692532645064,38.49279147028841
1692532647064,38.08357466953965
1692532649064,38.25309565055313
1692532651064,37.92747707948324
1692532653064,38.05544570968109
1692532655064,38.34922211885182
1692532657064,38.66749205916265
1692532659064,38.5294088348418
1692532661064,38.55182693054873
1692532663064,38.81131350482738
1692532665064,39.08533441526064
1692532667064,39.098943593421424
1692532669064,39.400133605309904
1692532671064,39.1048683643511
1692532673064,38.80305703230435
1692532675064,38.31167110839238
1692532677064,38.164464453434896
1692532679064,38.049473540149265
1692532681064,38.51275119711323
1692532683064,38.56650056221952
1692532685064,38.95010228588698
1692532687064,39.252290602976494
1692532689064,39.6636945044933
1692532691064,39.506135447119334
1692532693064,39.527417026309145
1692532695064,39.1704415614298
1692532697064,39.12155540570278
1692532699064,39.51655796254531
1692532701064,39.2723671725582
1692532703064,39.55878511053935
1692532705064,39.507266826776146
1692532707064,39.56549503234981
1692532709064,39.20173105908223
1692532711064,39.641686630697386
1692532713064,39.52964664446547
1692532715064,39.96659698103116
1692532717064,39.8791368408692
1692532719064,40.08345875493276
1692532721064,40.38731609262832
1692532723064,40.37632101328379
1692532725064,40.17567702472051
1692532727064,40.58700758106003
1692532729064,40.56750897080992
1692532731064,40.51111514373856
1692532733064,40.78445617531241
1692532735064,40.756579456260596
1692532737064,40.830020687015946
1692532739064,41.14827596197419
1692532741064,40.92761252022478
1692532743064,41.169814184556856
1692532745064,40.75044259951891
1692532747064,40.83562965817848
1692532749064,41.197041365625395
1692532751064,41.07026322613717
1692532753064,41.52073571576424
1692532755064,41.46216769393177
1692532757064,41.93630372997217
1692532759064,42.29411286781477
1692532761064,42.65402619822394
1692532763064,42.84674969638842
1692532765064,42.822112737285906
1692532767064,42.338094831792226
1692532769064,42.261939536687215
1692532771064,42.18141529117367
1692532773064,41.711102361492884
1692532775064,41.43522737786452
1692532777064,41.73243067850261
1692532779064,41.58622743062471
1692532781064,41.21982396471078
1692532783064,41.54413452140246
1692532785064,41.45462736285394
1692532787064,41.16945247457301
1692532789064,40.96440737398108
1692532791064,41.19958399182878
1692532793064,41.632033100749595
1692532795064,41.4813374137596
1692532797064,41.95750629250127
1692532799064,42.055075758713905
1692532801064,41.81873694912181
1692532803064,41.3422958085668
1692532805064,41.43739034160774
1692532807064,41.19558695905431
1692532809064,41.629427547131996
1692532811064,41.7451672367087
1692532813064,41.70610076760274
1692532815064,41.73076244212367
1692532817064,41.89333067051247
1692532819064,41.840355884355326
1692532821064,41.679117484345916
1692532823064,41.23288633799925
1692532825064,40.80634045333701
1692532827064,40.8323633124704
1692532829064,41.019812031729
1692532831064,40.575595442303836
1692532833064,40.15476893857035
1692532835064,39.79438857655957
1692532837064,40.14339870822458
1692532839064,39.68509391113935
1692532841064,39.23264601065035
1692532843064,39.46292091969629
1692532845064,39.30626921187757
1692532847064,38.94236849688851
1692532849064,39.05966974321305
1692532851064,39.163073562902724
1692532853064,39.10793294255346
1692532855064,39.18548436118911
1692532857064,39.399722062760475
1692532859064,39.58072051141349
1692532861064,39.66971128662868
1692532863064,40.041331653244185
1692532865064,40.12831044164791
1692532867064,40.25216670535667
1692532869064,39.80440811155314
1692532871064,40.02211339928185
1692532873064,40.41655469013937
1692532875064,40.76830027444496
1692532877064,40.6937545734277
1692532879064,40.935925477802016
1692532881064,40.885172863451054
1692532883064,40.56910448178868
1692532885064,40.2638737575054
1692532887064,40.47781876739718
1692532889064,40.37184302691537
1692532891064,40.062386657384174
1692532893064,39.6807400473127
1692532895064,40.079885230584274
1692532897064,39.980655464248436
1692532899064,40.23807678320202
1692532901064,39.805240692456756
1692532903064,39.55313922634405
1692532905064,39.990222752953414
1692532907064,40.042269564322986
1692532909064,39.66782678082527
1692532911064,39.70175356338019
1692532913064,39.76947216238286
1692532915064,39.925035661145586
1692532917064,39.93373593350721
1692532919064,40.1482890164751
1692532921064,40.17496361458373
1692532923064,40.293390187239346
1692532925064,40.152901035164405
1692532927064,40.55206267122312
1692532929064,40.432632605916176
1692532931064,40.03966177784701
1692532933064,39.63971186376174
1692532935064,39.19861735979357
1692532937064,38.86302340837864
1692532939064,38.82414058927758
1692532941064,38.431915048620304
1692532943064,38.16160129573424
1692532945064,38.199108859148296
1692532947064,38.01942171141164
1692532949064,37.59559642315718
1692532951064,37.249840056390724
1692532953064,37.63350285859256
1692532955064,37.70421650546266
1692532957064,38.201690090214164
1692532959064,38.484811344404136
1692532961064,38.965242558764814
1692532963064,38.813400813978014
1692532965064,39.035754672047666
1692532967064,39.25110250441989
1692532969064,38.86338326116868
1692532971064,39.02624977123321
1692532973064,39.04615017364515
1692532975064,38.75803736328223
1692532977064,39.237718770906184
1692532979064,39.397857023483766
1692532981064,39.66620648202157
1692532983064,39.93948556679212
1692532985064,39.71796681330848
1692532987064,40.18214427328051
1692532989064,39.9335315835424
1692532991064,40.39077466420946
1692532993064,40.341969230690914
1692532995064,40.51803860969235
1692532997064,40.20470842752445
1692532999064,40.39678288903501
1692533001064,39.90279607413537
1692533003064,40.29887060936686
1692533005064,40.34478341533962
1692533007064,40.74917624077335
1692533009064,40.68317191379271
1692533011064,40.6783228699719
1692533013064,40.95128881360742
1692533015064,40.81011088289984
1692533017064,40.63968351087446
1692533019064,40.99175199432447
1692533021064,41.04356741579124
1692533023064,40.575408048705
1692533025064,40.9987400698463
1692533027064,41.1345945130747
1692533029064,41.34436428122608
1692533031064,41.2507027456053
1692533033064,40.771508959341695
1692533035064,41.20047558163951
1692533037064,40.85909580095818
1692533039064,41.15666241301389
1692533041064,41.09196992001897
1692533043064,40.80282502874602
1692533045064,41.28299425608751
1692533047064,41.58117359596136
1692533049064,42.03931419586626
1692533051064,42.37182220794288
1692533053064,42.70688095074508
1692533055064,42.83116959742599
1692533057064,43.0029037199882
1692533059064,43.43518280677569
1692533061064,43.546506237895755
1692533063064,43.06516773208216
1692533065064,42.99674276055428
1692533067064,43.34508223606205
1692533069064,43.4916393658759
1692533071064,43.32088904671371
1692533073064,43.05211800564541
1692533075064,43.54340952709999
1692533077064,43.04963383722272
1692533079064,43.070491327661024
1692533081064,43.04983383221087
1692533083064,42.88277024977973
1692533085064,43.277951823722184
1692533087064,43.19491540736688
1692533089064,43.68699152448531
1692533091064,43.70890299230944
1692533093064,43.686126585530126
1692533095064,43.839249210602645
1692533097064,43.60113770950701
1692533099064,43.71386537415487
1692533101064,43.685000105453376
1692533103064,43.52390699719726
1692533105064,43.92435606704274
1692533107064,43.989705279386726
1692533109064,44.263743058190485
1692533111064,44.147293421501196
1692533113064,43.84180866507686
1692533115064,43.76261140097669
1692533117064,44.12457054177081
1692533119064,44.294401074793676
1692533121064,43.81784364924804
1692533123064,43.794848068123095
1692533125064,44.214907877219176
1692533127064,44.07143398291121
1692533129064,44.34792270479699
1692533131064,44.17210595673062
1692533133064,43.788800920598874
1692533135064,43.50641813517434
1692533137064,43.20574452012937
1692533139064,43.01064805924644
1692533141064,43.22583094889322
1692533143064,43.00524453853633
1692533145064,42.97730996638089
1692533147064,42.96413128092281
1692533149064,42.81801772842101
1692533151064,43.156028576999184
1692533153064,43.34732809791779
1692533155064,43.75571676935286
1692533157064,43.60881527788663
1692533159064,44.08767909282696
1692533161064,44.09175814786865
1692533163064,43.6430104706911
1692533165064,43.46646013698321
1692533167064,43.72163021080961
1692533169064,43.750385477293065
1692533171064,43.92518974171697
1692533173064,44.350948167163104
1692533175064,43.92921007183582
1692533177064,44.13144465919127
1692533179064,43.90710792192979
1692533181064,43.596321369662896
1692533183064,43.66880273955374
1692533185064,43.407966536078476
1692533187064,42.985570886617516
1692533189064,43.458143714446294
1692533191064,43.457307841510605
1692533193064,43.659166633888276
1692533195064,43.74311964952395
1692533197064,43.551074786000164
1692533199064,43.196373975145725
1692533201064,43.1834484344184
1692533203064,43.17742100346577
1692533205064,43.25917080282777
1692533207064,43.74758442012345
1692533209064,43.898705703398484
1692533211064,43.555156166584425
1692533213064,43.65419538030142
1692533215064,43.91871092207979
1692533217064,43.770194252325865
1692533219064,43.47502437329179
1692533221064,43.54142947498159
1692533223064,43.4174927380047
1692533225064,43.209891861052036
1692533227064,43.375929058875776
1692533229064,42.99316094181153
1692533231064,43.09954534998942
1692533233064,42.96207624334352
1692533235064,43.22817647748318
1692533237064,43.52234009372668
1692533239064,43.50288389182182
1692533241064,43.15000968988404
1692533243064,43.36724320060843
1692533245064,43.615737029548235
1692533247064,43.44821873348206
1692533249064,42.95726640115725
1692533251064,43.07378054727993
1692533253064,43.137441816565726
1692533255064,43.377658868550434
1692533257064,43.204019366207895
1692533259064,43.687345608666185
1692533261064,44.09188549965119
1692533263064,44.231430399650485
1692533265064,44.472555411951
1692533267064,44.0329444968939
1692533269064,43.84811070980254
1692533271064,43.57779537035941
1692533273064,43.18304313322767
1692533275064,43.619752521229515
1692533277064,43.90455134761552
1692533279064,44.21635874067124
1692533281064,44.65090976403254
1692533283064,44.8020535969775
1692533285064,45.24104676232472
1692533287064,45.722375417620434
1692533289064,45.42995843720244
1692533291064,44.987081906981935
1692533293064,44.69486540785722
1692533295064,45.097697840613826
1692533297064,45.27237252999225
1692533299064,45.04921465273621
1692533301064,45.327604395206464
1692533303064,44.860478912422806
1692533305064,45.12701086303466
1692533307064,44.62710829146119
1692533309064,44.23765135122756
1692533311064,44.6123435626034
1692533313064,44.48541592249817
1692533315064,44.6608489508497
1692533317064,44.55389490794127
1692533319064,44.13442242200997
1692533321064,43.916456300048516
1692533323064,44.15276517309306
1692533325064,44.19976474427958
1692533327064,44.372304728232095
1692533329064,44.24857302612646
1692533331064,44.6119851268453
1692533333064,44.2566738023811
1692533335064,44.18662172147446
1692533337064,44.410635665148405
1692533339064,44.14658243705916
1692533341064,44.233839891877146
1692533343064,43.860694635844176
1692533345064,44.29487910852427
1692533347064,44.353965886954356
1692533349064,44.491178557253654
1692533351064,44.364128087755375
1692533353064,44.53002337975716
1692533355064,44.6255547621253
1692533357064,45.110216520351756
1692533359064,45.31323617847717
1692533361064,45.162183300604745
1692533363064,45.13327052214446
1692533365064,45.137385243028646
1692533367064,45.348436625691356
1692533369064,45.21440395299087
1692533371064,45.68654490010857
1692533373064,45.4068059571414
1692533375064,45.50282613968914
1692533377064,45.241230258832566
1692533379064,45.67831350162141
1692533381064,45.70677958205784
1692533383064,46.197782544203235
1692533385064,46.16961432704621
1692533387064,46.096998637761494
1692533389064,45.94429769044031
1692533391064,45.93986441142264
1692533393064,46.33087984441464
1692533395064,46.58887793957881
1692533397064,46.87377596902491
1692533399064,46.674135276498575
1692533401064,46.48219191633496
1692533403064,46.740753120473926
1692533405064,46.682487842493195
1692533407064,46.8824400510127
1692533409064,46.717583149184144
1692533411064,47.189800518036975
1692533413064,47.09396554508376
1692533415064,47.1826409848693
1692533417064,46.78119453066399
1692533419064,46.567888228266476
1692533421064,46.34864989211284
1692533423064,45.918153445835806
1692533425064,45.652187555412986
1692533427064,45.51339833877228
1692533429064,45.57256155837979
1692533431064,45.32164200798951
1692533433064,45.7079558802062
1692533435064,46.19657841039671
1692533437064,46.62856386428835
1692533439064,46.17978217234457
1692533441064,46.34084927965931
1692533443064,46.203205316757554
1692533445064,46.04719174984158
1692533447064,45.81595405606509
1692533449064,45.50871729655002
1692533451064,45.83418475824401
1692533453064,45.58833737358539
1692533455064,46.034191773146716
1692533457064,46.48416469196905
1692533459064,45.99014632861642
1692533461064,46.06600065362005
1692533463064,46.090840447613445
1692533465064,45.70833004427606
1692533467064,45.68085273785009
1692533469064,45.73553754517442
1692533471064,45.37755803702593
1692533473064,45.839250634564316
1692533475064,45.99558813651472
1692533477064,45.88530663550179
1692533479064,46.13178273335723
1692533481064,46.170058724526356
1692533483064,45.854559156316725
1692533485064,46.02241386324552
1692533487064,45.91717881671636
1692533489064,45.52660005283106
1692533491064,45.7762870743563
1692533493064,45.8301469203645
1692533495064,46.0154872160477
1692533497064,45.932771105333735
1692533499064,45.85226705992627
1692533501064,46.248967425876636
1692533503064,46.11223912467393
1692533505064,45.91244429180736
1692533507064,46.23073475543218
1692533509064,46.169870824768935
1692533511064,46.51553803362011
1692533513064,46.5800171513425
1692533515064,46.92800747945792
1692533517064,46.49668131786416
1692533519064,46.58454005287582
1692533521064,46.76691180911048
1692533523064,47.24349380649131
1692533525064,47.40830021894922
1692533527064,47.3232429260122
1692533529064,47.00917428207701
1692533531064,46.53712600285738
1692533533064,46.72050812355012
1692533535064,46.39469958918075
1692533537064,46.14865390784472
1692533539064,46.32206599556579
1692533541064,46.746509699451856
1692533543064,46.85983889202778
1692533545064,47.33674153144302
1692533547064,47.5840948451961
1692533549064,47.48258554023033
1692533551064,47.17106947475306
1692533553064,47.04343880001548
1692533555064,47.41739390717811
1692533557064,47.40103891076661
1692533559064,47.778764289789926
1692533561064,48.22730756185912
1692533563064,48.6472482586421
1692533565064,48.564066517573835
1692533567064,48.54419444304186
1692533569064,48.9599920402021
1692533571064,49.121692589403494
1692533573064,48.86435471498662
1692533575064,49.27812486467294
1692533577064,48.8487896918798
1692533579064,48.71983761108593
1692533581064,48.29337147928482
1692533583064,47.863943346942904
1692533585064,47.621639172896295
1692533587064,47.90034146134348
1692533589064,47.76084746745039
1692533591064,47.7695716389076
1692533593064,48.05541379880064
1692533595064,47.56280665473264
1692533597064,47.39063669322713
1692533599064,47.87984022665383
1692533601064,47.89728734346767
1692533603064,47.6451433114998
1692533605064,47.27356807489629
1692533607064,47.70727319396118
1692533609064,47.26239872003487
1692533611064,46.82129123892429
1692533613064,46.99368962738735
1692533615064,47.2714762836619
1692533617064,47.01108311519782
1692533619064,46.579131742211786
1692533621064,46.18575873121268
1692533623064,46.62765895153182
1692533625064,46.28446297008678
1692533627064,46.144238874254
1692533629064,45.7052647326857
1692533631064,46.20371910937403
1692533633064,46.277318934033644
1692533635064,45.958583840044255
1692533637064,45.66768509657908
1692533639064,46.11272750941192
1692533641064,46.180869034496055
